<?xml version="1.0" encoding="UTF-8"?>
<project-private xmlns="http://www.netbeans.org/ns/project-private/1">
    <editor-bookmarks xmlns="http://www.netbeans.org/ns/editor-bookmarks/2" lastBookmarkId="0"/>
    <open-files xmlns="http://www.netbeans.org/ns/projectui-open-files/2">
        <group>
            <file>file:/D:/Msc%20GU/Msc%204th%20Sem/PL/Lab/JavaAssignmnet/Book%20Managment/src/sbook.java</file>
            <file>file:/D:/Msc%20GU/Msc%204th%20Sem/PL/Lab/JavaAssignmnet/Book%20Managment/src/Project/ConnectionProvider.java</file>
            <file>file:/D:/Msc%20GU/Msc%204th%20Sem/PL/Lab/JavaAssignmnet/Book%20Managment/src/book/managment/BookManagment.java</file>
            <file>file:/D:/Msc%20GU/Msc%204th%20Sem/PL/Lab/JavaAssignmnet/Book%20Managment/src/home.java</file>
            <file>file:/D:/Msc%20GU/Msc%204th%20Sem/PL/Lab/JavaAssignmnet/Book%20Managment/src/newBook.java</file>
        </group>
    </open-files>
</project-private>
